Password,Salt,Key
34e993907cf7866e,312c87c40fcae9e197b22ec5b775aadd,caa4b51bc24f497c11c64c1b7525d699ba157170b70111f451baad1a28bec4db
fd7b75ef1c290412,66c07ecf8178879c2e22890e5e890476,b8f1cbd81167c19873e2a2b288e5bc1da8460cae374d7fdb8122d7abc272e671
01853bcbfd24a016,36bca48dde825cd4c531f9036902f914,f075d8bf627a0169f34ec9a11972a7d599085927139301755fc0ffe0e7ca3836
c03fb4c5aea10a84,8b670cb2079abf14f3bedc511f7f2f27,1387146ca0db6a3ee4c1b2519e58ae7eedb4b8f2dd309927a69d02d54f81ca83
f650509b4fd96d3b,08db76fa09779607c2a732f1e1812dfc,7d1374e5bf124bfe096939248eb38935687ed5e3e8d7aa4e2bb1560743d8ba64
f5e1b165afdb5c1b,498e284a8a1114ac6a92dff0a0f74967,44309e7e6f4d5ca50385c6f99e4ff14d3e49a273f9f7016f313d2b0b975ae51b
5223763730c50331,c6ba94d79d9203b158d742c29c171c9e,226a97ddce23921b4f09cb1dc0fb0e48a5feff1a34a7154ef56369f867fa7ac5
8856380a5ce9deff,14b4a3e9ae9b1ea3fed052bb57ccb3ed,e57cfa637c65c0efe2a892718acff4caf7d57b872f84bea6f0652d7e3c0f7d83
6c39a7741e3aeb37,6c08045c2060d435e9e420dd29fd64c9,a11d84da7e840407ca48afc34bdd65858741d46e79fe31c5e8447390f3764a1f
0647cf8d0062f874,7e18c2f1837938f0930b97d0bd1f61d6,2d0c5dc37fc432c29b33b9bf2fe1373e1860d4d77e8b9e597e4fe84035a5108d
5386cb4cb5a3ee28,54505f9bbf13c0746090e49bae52708e,89b04a0babc547d68074f69fff46eb93bbf5a970b698371f3208fb0ccb7c6ef2
c6001e286a8c5d3f,5b08c47daf6a19cd449bc6f3c406c03f,fac0a1eb5ab47eed9d5ba871374a4f75f007cebec7dd84417a66aa76a4e4f7a0
4bff10e50099bf4e,70bf456beced9d1982ccfa2d64ada30a,6cf94da0f04905462202b5aa20b189de49b2651cd5523bc248385883faf60e9a
72034fc786539c91,58242aaab4dbbaf9602ae5cdfe3def7b,49cc6e8859881b019adbae9cd20a4b8fb8a7a355e31fb6e20d87aa952bbd86e9
fa66565aa04b5d6f,77521fed003b3035f337c9fffc07d7b0,7188f869a7b88ac618f4ff2dd4cb9fdcc72751027c0b6ba485a523fc6b54a2a2
598b133998452a54,5acc7e61bc085b76463ccbfe0514ee2c,a738c0e5fe403753ad538dbc563c87134e4d23133d4fcb658064d68b8b58af31
d2b9eafd1c238935,97fea7bcff185ea7e4226239bb98c091,f8d92fd3a933747c2e5dedf89982199b63b06a77e3bf029315af2200e68d0cc0
6b9bd30d00ee0ba4,80652e94a4717e74814b3e975f84074d,bf2dac5195f87e66f1ce1b0455aec40af540756848de2d73dbd6dfc13155060a
f767093db4fe327f,aa836f7003458073cf7b7785f034e6f0,f7f7c9de0dcfe289d6f8ddde537c93867f4424305104677ed6c65b6c172ec5bf
5fe09fb3fcd9d492,6db9126d2cf68283e32282400424e846,ab73431668daa3939e934b7d259ff0d7388f211bfca01d5ad3a4518ec15e04a6
8b78168167f641f2,f34b228bff381ba65c8ed545dcc25b74,074ca709969025d4aa529dd6b2aa933ebdd352673075dcf4eb925c5080d9dff4
e76e8ef4f7cde6c5,708487dcd35ee2eb95079f1eb553c6ba,37a34ed56845d20c0d1aba1361bd1c7bf787b79b5eabc87fda0cd5092a28aac8
c19b0206d1c74ec7,42ec3ce7df7d93f11a8405e07b886d39,3e363a78f93375f921fe17832d713f531a34b65aa850e4704b74dff87f26978e
0389da7f7b50ec0d,85d5a9b7bfe036205d67858e0d1fd308,745d0401e42eed22a814ab5951352fbf2c23f85019bff33e7562285d9f8db58f
14de200385cf7b6d,eaca1efb5f1a730156860188a55ed400,497b69b5f7ed1874c62893b8e3ec98393d91f92b5fa54631fcff998571f575a0
b65be59336c6ab0b,dc7986e560c6fea38c6733c523b9ead7,515bd6c5809470a8756303c5582b3d7eb007218fb748576ddfdd33fdd8514814
72a99d2958f044c2,15354ffe2b9158f11acc2fc920afcabf,3b0d82077a6accb589cbbe1cd156af9649edff8a965ccfce0c2fface65ee3980
92863cf497cdf87f,187ac1616b484bd06094c78c97beb25f,ace729b915c034e2e08a3a5f66842c64fcbefb5c095ddc32c5431058164eb086
8273d9e02bd77fb7,b5eed40d35a59fdff71b16532cd19943,e00a5d8cbb751ecdd3cd8609805fffbc17a6c7ac39e4548c4f332ea25e0da1f4
fe9b5a02b3634d26,d933c16db8155e44e0599c1bdb42f112,1cf1e2db95fece0faecdbdfd9a64130a7971779d97a54d0fc8a327e62c323e3e
a58969886a0b0bd3,dd2ffc75aee44a839b7482c422e8d3b3,3217c5297cdd68f2acbac5a0689d050e04bdd60ba57f05de20149bc9761e66e3
38e4c21f22724ae8,19d417533d81a0a01bc95ba5262cf006,ae6fd4a74c62bbcaf7570b4272dc73f0ec01e8a822761dc7cd22efc12edcc0dc
811ba53536bf66a7,9597585c71c023130e40bbf4e3976a74,febdcf528c5f7ee259bdd8bab5ee8a3170e33a4a9ff942ceadbeb3f2487ae417
464ac0c5c54a24fc,6ce413334e4d8f714dcc226cf46973e2,656477be8cb6f30c968657086f53d22b5b205dcb0e8e9816bf7c41eb9eed3c69
48e64a5220eac2cb,a355741bcb57e02b9df31ebae7f7ea1a,82353c5280d1b83232fdc67998c8e922a253ffcdc3eceb4f4ba30c3489686a79
b378bad8441a0599,1bf1d1632344cfad7d01105d58f882ae,b7117ab4e7d4e98838c55363cf4c728fffa0ebe3c86b146cff42229e20a1d792
f068b9cedece3a33,553a902151cd1097160b0acaf77e200a,75b3ef1f47fd39d1623702fc3cac4871dd419d82db52e0f2eae22240e3cf3515
f3eb67ab51062d95,65ea2bd20d1e3762bb77e6323cb45564,928425779bc4e7f461e84713ae516535ef774aeb34e1fb0477b97952837adeb7
ba3a4eba3e202f6a,cd9296504d2b42a372f925d88dfbb779,739f304a526f16ed76c826bd0741329c767ed8ff5af87f1bff27a1eda3e06664
3e0e6e75cae61b0b,0201661be700771deaf6bb8e90b49da6,51df3af7e58c9892b097d6d2c1dcd4f0eda0326d7cb79faf8020a2380096a273
418f776992da66ff,f47e31c49e270b714aca732e29243ea2,71d9012671934512ae22f3ac781be5a683a00709d8c419e8d5ff22ae0cc44dff
f5baa460716097e8,ef8ca8ac788822c1cb9648f77eb6f9b2,74902d827991cb6e7465fe99686dfbac2f666603c4b2b58801556a49da4b9db3
13a63881283eded8,7bcb9e1b9afbe0e40dc9298413fbd55d,e0f14226199fa6c621d97e4e0aa5d7812517757a30b7a382cd27e1f2e2c53038
2d6ed39aa998714b,ca8cb7507dcd715908228d95d0d0ec0d,962521c3b36a0f13f49489944ce219ac4e72aa6c8186012e9632a28682ae79ca
c01377b30be3d30c,aa1188ede6fd87437de8d844b2e8099f,590f73a72239ae2f05fd454496947b015680f69a9488b5113aacac84cc42f16d
567d3ae4a07df36e,be87de4def98bc21ecba0ff24a92825d,61ccb02038725d0da12b99164d6ed5c04065d1df60c25064e2acb73eb392e9c8
87c0a2a685f8a033,df37f88c7521674ace0e565243f98fb6,2b5508b1b7417b0a18833b1f454218a883297499b109e69110ce41bcf02d3117
f941fa9177df630f,f1dd66a6c107d30f99758283899a1957,ad7a3450f3d69c3d1cfe658e0ee89e68aaf9bbd48c90f5026b971be12d9ab48a
934bacbc889d8cc4,f7a57c986ad068c2f4d9a9d1b9a9bb87,6b15a696a337cbf432cf7eb973107be6f9232a11198ef7aa46795a10774d2050
b2932e4af91caf88,c33c11f111e984ec5280e4c316402ad9,f89c7a80991321ae9db79badc5ca083951f41f9a0b86a428d3341562128d1b96
0bef81583d6c9998,758d993182e590031f862d26e9360d1d,0d451f9cfc94535c040cb8c1ee3fcdce6e14cba2c32996703767d985b005da36
ace8bd57886c2b3c,dce5a33d80b76e9a97854ed68e8022b3,a4720b8b62e11f3fce1aa674f47251c6b99632ba94505a4ad13368ebf32b067e
a5b62c650fbc7832,ffd5caf89d3f2efa34855af09720f960,e799821ff85f6ad7347a8991e191d14a70e4f68867eef059d358d518598eed63
7765cb5354d33ba1,0ad276d21dbb6fb64f8976b98fb82655,aebe1d5330436611e18526e0b54dc950a286e83e0ffa9e3e135d8cf4961d4650
a1394974b10bed9a,58c2348fefd0aa1b80f8ff7481afc999,261fac913ee3c6e57b5d1305ca0f2ec8d96205220ae5187b17ce857ad17aa400
8b8d8c9b161b6317,54d4540076bbb9ecde19bc330619655c,bad05827798c13bdda7696605249ad0b8ce33fbca2aa419301affc1c8b98083b
e7279c299278533c,4001481c5a32e120af8996147ebd1726,69a9a6195367081d2c695adbf80d95927ccfd1653dc0ae5626ed7a786ff0ed11
750d40448006421c,90d02d58267d8e5a4d7c38d882e391ed,e1cb7d0a32d85e585a04e48c616f965c35df8e8312b90f42c9aca26a04b52ddf
073170f9e9f09746,5a5fcc6a59524b5467be30775e4bdc15,41753cd72070acfe487cf573d4ef0d35c7766d0c8eaf7ff0d1ee27fe4c574f43
dc7b5379e1047c86,599704ab9d4099c91c6f4babc5a1c2c5,7febc59ee935591305300a697e5b59c9be0f93675a132abbe6974ca99d97aec8
6764b2f1ffb3e2bc,11429e686a256e33c29b77e46b5d3dd7,a12150acfc3a171c2b8ee37aa7340d397a96d29ff373ed5214d9ad57a6c75f89
80507b9cc3d116a0,2c2b0fef2c20bc2e9d313055ee2587eb,c6aa19ad4dcce7256b7cf5ae7a06966bba8ef3c89877883690e6c966658eeb10
f8ac780a8d06e2f9,95c5f438570153eda87ab8ef3b4b8297,910ba7e2e6253e0d85db8321c0f4989c98d0f6a8957e479e3060f6cbe03c9a11
5973e0add8cee485,5f0b58164ca832333f65cc7c8f54b455,b0d9d88e6e7509b126fbbef41263d33b043cdc4d26ffbf86fe1bc3e5bf803416
a039f50131532206,d5cdae024685b2788d44685e2a37e17e,f1de4db6bd8089c98583742e3081d4e1de7aea55077a95d1bbce7646de61495a
4468295d824b1000,79a873c19431913c1175a84d661a292e,ab74abd92856e2369cf9e76c56d3fef308c415dbe84d53a29981af9d15d46760
24b3782f7ff8fc20,a99492659f605f145044a65b5c7e3432,af18add38c859425fcb552abb258b90a344a3f0fbcede0dcab541309fd3f2652
10bfaeae6d338d53,b408e36ffc74044d86b56b72919d2446,cb31a14547e22f71a0e138c4b3cca58e6dfa6cd4210bac9fabf01bcc6b6c745a
edc57de5c8900a8d,e7bd3b94b203b634b1ea7983d198f3af,dce9461b5847fd1ba65330b3e002f395b04be19b1461dd0cf61cfef7ea6e0ca0
9f153af3965346cd,7c65f303ce97b0f9b8c3112f77b1a5d6,352ae630f782874aff7b4db2b05234203a32ccf400275a013607b2d4591668a6
5a33b3fa2da64c36,f777696ee16f92612bb150efda1be061,f97655e027f526fdc4f84b2c0ae8b271d39f052ed8202f05d013e6490119e44c
e30234c4cbfc5282,3f231fa07923e28e9e51ec636c2a797a,7d0859dd75f7ab3b0d6edc7836fd95db0f8e44de5ea78cae7928d25c989dd6a8
bb2c9ab0a2917a76,01e298b7ec2c1ebdf6c870f87c389807,c04f413665e9d7b578afb09e3b7ec63c096a602f3be4b64401820bc388515b81
743454dfcfc8c506,b168347a93c37fe410865109d277d5eb,753a5c682925c1cab33e654b2d3196133f5bbe55fcfc37096563b0b2efd0df2d
429e161ef830d7ca,c410aed8f5b189dbf7b5ca2880068817,100e7878a10d853ab70ab8c2b59c0f3602ccf7bff4f15d1a766799afc0587e94
fbc332a89a367c6b,f0ef23a5b56342786fe1451bb1321abc,be3f8febcad92e34f3f2712127349516f7e4d5aba7a1f6ef9091218c2954439f
ef2ffa7ff8e22ce1,4b5add60ef0b5f18c9782d2f3a98f291,4d4fa6ff5ab684c7578e2a830e91334785179c3d0630f1ecb74846b80467fdf6
caed17aaceba6233,c5dab358fa4175aa5e6954ec313f1c30,f38a07dbeda505fcdaa7421208958e5d87279861953759bd90dbae1f226b1ac9
15feb93ae6c2dc10,c7f2b8387cd68790a2c320e1fbfde974,d513dbc1466512d6bbf0865e75c24d834f6d767b618ae4cb620caee3c0ba02eb
a846f113d4156d37,5d0bd6ac59abe9e83527eb98ac169bd2,27b0187517063ac34d9ce81c19261e8ef89eb125683e7cea8de4b9110c97d33f
330678ffb1cf0b63,068ae97ae84acfe89c6e1921747b7fe8,395821e4109c0f919d78e8dfb30865cd5d6155dd2cb05152c8d0880b6f7c0f24
e3169f66ee14e941,3032ba91b11a57eb2fae2f034be5ef3d,f104028eb57629097f435e9c2485b4629c078ef6c46bd29d276e8a5c5d984b72
b1e6006ca654dde2,deee4a3eeff6e0284df69bd9512ca930,4964c9a452bff6c40b5b48b212817780e98f7e07339604081ecdbb6536029d94
6729fd4eda01308f,7b359ff9277c7c9d871561db8e534fcd,59aa6ffe93a8d011bcfd1e3602ec1832f71fea12057fd1cee89fcbd892ed7fb4
001f563cc2d50257,cb42b91c3a5bfea42c858ec609b6b793,1c45d71ac25d0f281ea3e16a2086dc43f420ec7469022d8b972ef8b34f81fb19
fcceedca024cffea,de03d90bfc6abd48054282899ad00e95,5c5e868e5e845171227dc24d56afbf32605457cee8ddb73e746629c02c65fd8f
edc2a442c5ccefd4,09d0deba87ae86dce8c91be5334fc51f,278bf37dfafef8eb07a9dc0132825d2405a71dbf98db146ebe2e04ab78a53ebb
044c8c580564e74c,8dba56d615b2ec5ce9ded73de54b776f,90e684d8f1fa0bb4a4681e736632fffa828891e5a0b0d47d741f7f81c60e7ecb
3a47e0b986ee3a51,472cb83f27806fcdf92809fba0710419,91446e8dc5183e747fda6a6ccd8a0a36cfdac50161d6309994792a66c631287d
5b1b53ea7a5d8fe0,5fac44236e9408b835ae44320377c5d3,ea892ef88a9177c0e094058196a7b3098946b0d89c92906773de76dfb2f0a6d8
ebeab646ea7d87ec,26e039eb968ec2db46f2b90e412e1ee7,65c2013ec2fcd88537c85f913a6bc73023820963679a85e5164b19725522a198
d22c999ce81d63c9,850296d73c2bb793cfc5c8dfc6923d73,c91257484868cd2041d08d8008c17815e60a34d4aec51ce0d74e26c14d1c6982
89b6f30ff2a7c680,8ac84bb3c96ae5e35072aa9a3b397ed8,bf857e95dca84af2cdf84e9ee21afd509ef9ea2408796c3e19f0a25d11842db1
3c981c7b2808d418,db3153df5579cc475b5a7d381834c986,fd62b28e755645de61c52235b1a615d98a990b2501007413e311e53a98fa84ea
fd30f9d7a7da555d,25932e34e76ff59fbe0b4360fb8f06cc,503e231b4ed7153471c87ec2cabd45dda2b7a43df972d691a84bc89b1cd6db4f
6ef2633092f77deb,3940c31461e1cab9780056525155509b,165974140515c384dafad327cd80df3048ee86821bdab0b953d7de6bac999c4c
0962f1af49393740,411642a4472e5fd521d564826a76b3eb,12dbabd7cef582098cc6d9d34295dd44db62bc507d34d0a392ea3e3a92b6991d
fe29f08f82ed7a0c,f0df0fc9e0649c5de73a425a66b385bc,4310d83338d5225ffb893fd81e57e4d4451739377c248c72acfd0d39efe48b10
7163d84dd3051d78,a7ac4f91a3bdc6d4226e3f927a0e254e,93ee04f90027a249b829db79ef8badb05e0a607f712267d20f3eab2f7821c065
19a69f473d3d2304,68b49c66b5ff814d6ec5462ad26adca0,337f5d70c305621bc19000da64e250975294ee56eb08495da465f0d5380fa140
